dataset,variant,run,open_seconds,weight_metadata_seconds,queries,sha256
human,Before,1,9.153499655,4.798203567,156,9b0f9b4aa091e9ba353381d162564fe0e5314e45d030529b77578a0a27f31b9e
human,Before,2,9.342262833,4.978999306,156,9b0f9b4aa091e9ba353381d162564fe0e5314e45d030529b77578a0a27f31b9e
human,Before,3,9.242093967,4.86893386,156,9b0f9b4aa091e9ba353381d162564fe0e5314e45d030529b77578a0a27f31b9e
human,After,1,4.611929028,0.219087223,156,9b0f9b4aa091e9ba353381d162564fe0e5314e45d030529b77578a0a27f31b9e
human,After,2,4.531971659,0.210156371,156,9b0f9b4aa091e9ba353381d162564fe0e5314e45d030529b77578a0a27f31b9e
human,After,3,4.529488644,0.211055181,156,9b0f9b4aa091e9ba353381d162564fe0e5314e45d030529b77578a0a27f31b9e
rhino,Before,1,5.031265421,0.126114868,144,893d2740023157858087527d9742b70ac7ee502ff36d84b7bd16be82e5ea8eae
rhino,Before,2,4.459902208,0.113013682,144,893d2740023157858087527d9742b70ac7ee502ff36d84b7bd16be82e5ea8eae
rhino,Before,3,4.43976497,0.112994268,144,893d2740023157858087527d9742b70ac7ee502ff36d84b7bd16be82e5ea8eae
rhino,After,1,4.482370494,0.127015475,144,893d2740023157858087527d9742b70ac7ee502ff36d84b7bd16be82e5ea8eae
rhino,After,2,4.538163203,0.171921994,144,893d2740023157858087527d9742b70ac7ee502ff36d84b7bd16be82e5ea8eae
rhino,After,3,4.449681977,0.133025834,144,893d2740023157858087527d9742b70ac7ee502ff36d84b7bd16be82e5ea8eae
aedes,Before,1,4.66630671,0.050492999000000004,108,d78c0166bcf1f9cfba87aa6c746affde0b674890af66b3cf624d0ada134c7139
aedes,Before,2,4.476165919,0.046375286,108,d78c0166bcf1f9cfba87aa6c746affde0b674890af66b3cf624d0ada134c7139
aedes,Before,3,4.40822662,0.050113042,108,d78c0166bcf1f9cfba87aa6c746affde0b674890af66b3cf624d0ada134c7139
aedes,After,1,4.405075527,0.030404165,108,d78c0166bcf1f9cfba87aa6c746affde0b674890af66b3cf624d0ada134c7139
aedes,After,2,4.391981017,0.032472428000000005,108,d78c0166bcf1f9cfba87aa6c746affde0b674890af66b3cf624d0ada134c7139
aedes,After,3,4.360800947,0.029969758,108,d78c0166bcf1f9cfba87aa6c746affde0b674890af66b3cf624d0ada134c7139
micro,Before,1,62.77562568,57.906466086,180,417f0486aff929798beb3a9cf964a7ea3a3da28c99b74021679b0fb4a30b03c7
micro,Before,2,62.689263865,57.814728214000006,180,417f0486aff929798beb3a9cf964a7ea3a3da28c99b74021679b0fb4a30b03c7
micro,Before,3,63.479125838,58.688344702,180,417f0486aff929798beb3a9cf964a7ea3a3da28c99b74021679b0fb4a30b03c7
micro,After,1,5.029753356,0.716812923,180,417f0486aff929798beb3a9cf964a7ea3a3da28c99b74021679b0fb4a30b03c7
micro,After,2,5.045527594,0.7123447549999999,180,417f0486aff929798beb3a9cf964a7ea3a3da28c99b74021679b0fb4a30b03c7
micro,After,3,4.991584487,0.719297432,180,417f0486aff929798beb3a9cf964a7ea3a3da28c99b74021679b0fb4a30b03c7
